Model,Accuracy,Precision,Recall,F1-Score
Logistic Regression,0.7934173669467787,0.7995099529754847,0.7934173669467787,0.7931704996312311
